
INSERT INTO iq_user (USER_ID,USER_PASSWORD,USER_LOGIN,USER_FIRST_NAME,USER_LAST_NAME,USER_DATE_OF_BIRTH,ADDRESS_ID,CLIENT_ID)
    VALUES (101,'root','root','IQuivers','Root','2004-07-08 17:58:39.0',101,101);

INSERT INTO iq_user (USER_ID,USER_PASSWORD,USER_LOGIN,USER_FIRST_NAME,USER_LAST_NAME,USER_DATE_OF_BIRTH,ADDRESS_ID,CLIENT_ID)
    VALUES (102,'test','test','IQuivers','Testuser','2004-07-08 17:58:43.0',102,102);

INSERT INTO iq_user_content_source_lnk (USER_ID,CONTENT_SOURCE_ID)
    VALUES (101,101);

INSERT INTO iq_user_content_source_lnk (USER_ID,CONTENT_SOURCE_ID)
    VALUES (102,101);

INSERT INTO iq_client (CLIENT_ID,CLIENT_NAME,ADDRESS_ID)
    VALUES (101,'ROOT',101);

INSERT INTO iq_client (CLIENT_ID,CLIENT_NAME,ADDRESS_ID)
    VALUES (102,'TEST',102);

INSERT INTO iq_client_content_source_lnk (CLIENT_ID,CONTENT_SOURCE_ID)
    VALUES (101,101);

INSERT INTO iq_client_content_source_lnk (CLIENT_ID,CONTENT_SOURCE_ID)
    VALUES (102,101);

INSERT INTO iq_address (ADDRESS_ID,ADDRESS_NAME,ADDRESS_STREET,ADDRESS_ZIP,ADDRESS_EMAIL)
    VALUES (101,'DUMMY ADDRESS FOR ROOT','None','00000','netseeker@manskes.de');

INSERT INTO iq_address (ADDRESS_ID,ADDRESS_NAME,ADDRESS_STREET,ADDRESS_ZIP,ADDRESS_PHONE,ADDRESS_EMAIL,ADDRESS_NUMBER,ADDRESS_COUNTRY)
    VALUES (102,'TEST','Demo Square','00001','+(49)711 123456','netseeker@manskes.de','41','DE');

INSERT INTO iq_user_group (USER_GROUP_ID,USER_GROUP_NAME,USER_GROUP_DESC,CLIENT_ID)
    VALUES (101,'ROOT','ROOT',101);

INSERT INTO iq_user_group (USER_GROUP_ID,USER_GROUP_NAME,USER_GROUP_DESC,CLIENT_ID)
    VALUES (102,'TEST','TEST',102);

INSERT INTO iq_user_group_lnk (USER_GROUP_ID,USER_ID)
    VALUES (101,101);

INSERT INTO iq_user_group_lnk (USER_GROUP_ID,USER_ID)
    VALUES (102,102);

INSERT INTO iq_user_group_client_lnk (CLIENT_ID,USER_GROUP_ID)
    VALUES (101,101);

INSERT INTO iq_user_group_client_lnk (CLIENT_ID,USER_GROUP_ID)
    VALUES (102,102);

INSERT INTO iq_transport (TRANSPORT_ID,TRANSPORT_NAME,TRANSPORT_TYPE,TRANSPORT_DESC,TRANSPORT_START_TIMEOUT,TRANSPORT_IMPLEMENTATION)
    VALUES (101,'HTTPTransport',101,'Simple HTTP Transport','2004-07-08 17:57:44.0','net.sf.iquiver.transport.impl.HTTPTransport');

INSERT INTO iq_transport_attribute (TRANSPORT_ATTRIBUTE_ID,TRANSPORT_ID,TRANSPORT_ATTRIBUTE_NAME,TRANSPORT_ATTRIBUTE_TYPE,IS_PART_OF_AUTHENTIFICATION,IS_MANDATORY)
    VALUES (101,101,'Server','',0,1);

INSERT INTO iq_transport_attribute (TRANSPORT_ATTRIBUTE_ID,TRANSPORT_ID,TRANSPORT_ATTRIBUTE_NAME,TRANSPORT_ATTRIBUTE_TYPE,IS_PART_OF_AUTHENTIFICATION,IS_MANDATORY)
    VALUES (102,101,'Port','',0,0);

INSERT INTO iq_transport_attribute (TRANSPORT_ATTRIBUTE_ID,TRANSPORT_ID,TRANSPORT_ATTRIBUTE_NAME,TRANSPORT_ATTRIBUTE_TYPE,IS_PART_OF_AUTHENTIFICATION,IS_MANDATORY)
    VALUES (103,101,'Login','',1,0);

INSERT INTO iq_transport_attribute (TRANSPORT_ATTRIBUTE_ID,TRANSPORT_ID,TRANSPORT_ATTRIBUTE_NAME,TRANSPORT_ATTRIBUTE_TYPE,IS_PART_OF_AUTHENTIFICATION,IS_MANDATORY)
    VALUES (104,101,'Password','',1,0);

INSERT INTO iq_permission (PERMISSION_ID,PERMISSION_NAME)
    VALUES (101,'');

INSERT INTO iq_content_source_type (CONTENT_SOURCE_TYPE_ID,CONTENT_SOURCE_TYPE_NAME)
    VALUES (101,'Internet');

INSERT INTO iq_content_source_type_transport_lnk (CONTENT_SOURCE_TYPE_ID,TRANSPORT_ID)
    VALUES (101,101);

INSERT INTO iq_content_source (CONTENT_SOURCE_ID,CONTENT_SOURCE_TYPE_ID,TRANSPORT_ID,CONTENT_SOURCE_NAME,CONTENT_SOURCE_DESC,CONTENT_SOURCE_UPDATE_TIMESPAN,IS_AUTHENTIFICATION_REQUIRED)
    VALUES (101,101,101,'HTML Test Content Source','HTML Test Content Source',1800000,0);

INSERT INTO iq_content_source (CONTENT_SOURCE_ID,CONTENT_SOURCE_TYPE_ID,TRANSPORT_ID,CONTENT_SOURCE_NAME,CONTENT_SOURCE_DESC,CONTENT_SOURCE_UPDATE_TIMESPAN,IS_AUTHENTIFICATION_REQUIRED)
    VALUES (102,101,101,'PDF Test Content Source','PDF Test Content Source',1800000,0);

INSERT INTO iq_content_source_transport_config (CONTENT_SOURCE_ID,TRANSPORT_ATTRIBUTE_ID,TRANSPORT_ATTRIBUTE_VALUE)
    VALUES (101,101,'http://www.manskes.de');

INSERT INTO iq_content_source_transport_config (CONTENT_SOURCE_ID,TRANSPORT_ATTRIBUTE_ID,TRANSPORT_ATTRIBUTE_VALUE)
    VALUES (102,101,'http://www.manskes.de/cms/upload/pdf/torque_caching_manual.pdf');

INSERT INTO iq_content_parser (CONTENT_PARSER_ID,CONTENT_PARSER_IMPLEMENTATION,CONTENT_PARSER_NAME)
    VALUES (101,'net.sf.iquiver.parser.impl.TextParser','Text Parser');

INSERT INTO iq_content_parser (CONTENT_PARSER_ID,CONTENT_PARSER_IMPLEMENTATION,CONTENT_PARSER_NAME)
    VALUES (102,'net.sf.iquiver.parser.impl.HtmlParser','HTML Parser');

INSERT INTO iq_content_parser (CONTENT_PARSER_ID,CONTENT_PARSER_IMPLEMENTATION,CONTENT_PARSER_NAME)
    VALUES (103,'net.sf.iquiver.parser.impl.PdfParser','PDF Parser');

INSERT INTO iq_content_type (CONTENT_TYPE_ID,CONTENT_TYPE_NAME,CONTENT_TYPE_DESC,CONTENT_PARSER_ID)
    VALUES (101,'text/plain','Plain Text',101);

INSERT INTO iq_content_type (CONTENT_TYPE_ID,CONTENT_TYPE_NAME,CONTENT_TYPE_DESC,CONTENT_PARSER_ID)
    VALUES (102,'text/html','HTML',102);

INSERT INTO iq_content_type (CONTENT_TYPE_ID,CONTENT_TYPE_NAME,CONTENT_TYPE_DESC,CONTENT_PARSER_ID)
    VALUES (103,'application/pdf','PDF Documents',103);

